Title,Organzation,DatePosted,Description,Location
1 Stay involved with Santa Clara County Parks long-term volunteer opportunities,,,"Santa Clara County Parks offers many exciting long-term opportunities that keep volunteers involved in stewardship, resource protection, and public engagement activities in 28 unique and diverse parks in the heart of Silicon Valley. Long-term volunteers must be at least 18 years of age and participate in a variety of simple onboarding steps including a background check, v","San Jose, CA, 95138"
"2 Volunteer- Hospice, Santa Clara County. Mileage reimbursement provided.",,,"Sequoia Hospice is looking for compassionate individuals who can provide comfort and support to patients with a life-limiting illness and relief for their family/caregivers. Service is provided within Santa Clara County. To become a hospice volunteer at Sequoia Hospice, no experience is required, all training and support will be provided. The precious gif","Milpitas, CA, 95035"
3 Board Member with expertise in Fundraising,,,"Front Door Communities is looking for a committed board member to serve on our organization's governing body. The board member's responsibilities include advising on strategic plans, participating in evaluations, and monitoring its financial affairs. You should also prepare for board meetings, attend them regularly, and actively participate in them. To be successful as a board member you shoul","San Jose, CA, 95113"
4 American Sign Language Wish Granter - San Jose Area,,,"Make-A-Wish grants the wishes of children with life-threatening medical conditions to enrich the human experience with hope, strength, and joy. Wish granter volunteers interview wish kids to determine their wishes, and send in paperwork to the office. When the wish is approved, the wish granters find creative ways to ""enhance"" the child’s wish. Our chapter typically","San Jose, CA, 95112"
5 Project Coordinator - San Jose CA,,,Join Us in Making a Difference! Are you passionate about creating a positive change in society? Our CBS-featured non-profit wants you to join us in making a difference. About Us: Bright Mind is an award-winning non-profit organization recognized for our innovative initiatives such as Wellness Week and 'Street Care'. Our ou,"San Jose, CA, 95113"
6 Volunteer Opportunities in Downtown San Jose,,,"Recruiting Organization: Recovery Cafe San Jose Then Recovery Cafe is open on Weekdays from 10am-3:30pm Time commitment is minimum of two hours either weekly or biweekly with a 4-6 month commitment. There are a variety of roles: Clothing Closet- Daily 10:30-12:30 and 1:30-3:30pm. Organize donations, keep the closet space tidy, assist members with c","San Jose, CA, 95112"
7 STEM Mentors Needed at Sunrise Middle School,,,"If you are interested in mentoring and helping students with STEM Tutoring, STEM For Others will be at Sunrise Middle School from 4-5pm every Thursday. We are currently teaching Java to around 8-10 students in Room C. No preparation is needed in advance, if you love helping kids or want service hours, sign up! (edited","San Jose, CA, 95116"
8 Project Site Individuals,,,"We’re looking for passionate individuals to join us on-site for Rebuilding Day! Volunteers will be assigned to help with painting, landscaping, or home repairs as we work alongside our sponsors to assist homeowners in transforming their homes. No prior experience is necessary-just bring your enthusiasm and willingness to help! This is a wonderful opportunity to give back to the community,",95112
9 Coyote Creek Care Day: Trash Pickup and Stream Assessment,,,"Join Keep Coyote Creek Beautiful and the Watershed Stewards Program for a community Coyote Creek health event. Meet new people; improve a neighborhood park; build community around a shared sense of service. Our day will begin with a cleanup where we will collect trash. Following the cleanup, we will do a quick stream assessment to learn about creek health and water quality. Volunteers","San Jose, CA, 95116"
10 Fight Hunger! Food Distribution at Healthy Start Early Learning Center- San Jose,,,"Food Distribution at Healthy Start Early Learning Center 1st Friday of every month, from 2:30pm-6pm PLEASE SIGN UP TO VOLUNTEER (To register, please copy the link below and paste into your browser) https://www.shfb.org/give-help/volunteer/volcalendar-general/?location=0011I00001Iqtr5QAB","San Jose, CA, 95116"
11 Volunteer Party - Join us to prepare Mother's Day cards!,,,"Cystic Fibrosis Research Institute (CFRI) is a nonprofit organization that raises funds for cystic fibrosis (CF) research and programs. We are in great need of volunteers to help us prepare Mother's Day cards on Saturday, April 5, 2025! There are two shifts (you can sign up for one shift or both shifts): 9am-12pm 12pm-3pm This activity involves inserting items into cards an","Palo Alto, CA, 94303"
12 Cat Chauffeur for 13th St. Cats,,,"Are you a cat lover with a flexible schedule? 13th St. Cats is looking for compassionate volunteers to help transport our rescue cats to and from veterinary appointments on short notice. When our cats require urgent or unexpected trips to the vet, having reliable drivers makes a world of difference and ensures they receive the care they need. Responsibilities: - Pick up and transpor",95112
13 Live and Volunteer with Kids on the Cheyenne River Sioux Reservation!,,,"The Cheyenne River Youth Project is looking for energetic, dedicated, and passionate individuals. Volunteers work hard at CRYP to provide a fun, safe place for children to come spend time with us everyday. They live and work at our campus in Eagle Butte, SD. Among other tasks, they help staff implement much of the youth programming we do, aid in the delivery of family services, prepare nu","Eagle Butte, SD, 57625"
14 Take Climate Action Now!,,,"You can take immediate action to be a part of the climate solution. Planting trees, hacking your thermostat, and composting food waste are just a few examples of how you can make a difference from home today. By signing up, you are pledging to take action as part of the California Climate Action Corps. We'll email you a list of 10 ways to take action on climate change from home. We'll","Statewide, CA, 95814"
15 Volunteer to tutor and mentor 1:1 with a student in Chicago (In person and remote options available),,,"Become a tutor, mentor and role model. Tutoring Chicago is a free one-to-one tutoring program for students in grades 1-12. While we are currently in the final quarter of our 24-25 program year, we are actively looking for volunteers for our 2025-2026 school year. Tutoring Chicago will offer both in-person and","Chicago, IL, 60614"
16 Join PCV as a Business Advisor and Support Growth in the Green Economy!,,,"Small businesses are the heart of our communities, and empowering them within the green economy presents a unique opportunity to create a more sustainable future. As a PCV Business Advisor, you can leverage your expertise to help eco-focused small businesses succeed while making a meaningful and lasting impact. Why Become a Pro-Bono Business Advisor with PCV?","San Francisco, CA, 94107"
17 Helping Elders is Awesome!,,,"Have some time and compassion to spare? Join ElderHelpers.org We put you in touch with elders in need of care who don't require special skills, just good-hearted people. Help Elders with activities that you enjoy on a schedule that works best for you! What to Expect? By sharing a little about yourself on our website, you're saying that","Houston, TX, 77001"
18 Make a Real Difference - Volunteer in the Federal Prison System,,,"You can change the lives of inmates by volunteering with the Federal Bureau of Prisons. Our volunteers lead and assist with delivering a variety of programs in facilities nationwide that prepare inmates to succeed upon release. Why Volunteer with Us? Sharing your skills, hobbies, passions, or faith, can change lives, reduce recidivism, and create a lasting, positiv","Fort Dix, NJ, 08640"
19 Prayer Team Warrior,,,"CALLING ALL PRAYER WARRIORS: Join the world wide SoupMobile Prayer Team as a Prayer Warrior and help us pray for the sick, the homeless, the hurting & others in need. We currently have more than 7,000+ SoupMobile Prayer Warriors world wide including all 50 States and a host of countries including Europe, Australia, Africa, Ukraine, Mexico, Dubai, Canada, South America, India and many more.","Dallas, TX, 75215"
20 2025 SUN 'n FUN Fly-In,,,"April 1-6, 2025 for our More Fun at 51 annual SUN 'n FUN Fly-In on the SUN 'n FUN Campus in Lakeland, Florida. Come volunteer at one of the world's largest airshow with 3,000+ other volunteers. There are hundreds of volunteer opportunities available: Admissions - High Priority Need Parking Lot Posse- High Priority Need Securit","Lakeland, FL, 33811"
21 ¿Hablas español and want to volunteer virtually? We need more bilingual volunteers!,,,"Crisis Text Line increases access to mental health services to people across the country. Our pledge is to provide free, 24/7 support in English and Spanish via text message and web chat. ¡Todo esto es posible gracias a voluntarios como tú! The Spanish-speaking community needs us all, and they need us now. Data shows t","Nationwide, CA, 90011"
22 Volunteer Online as a Conversation Partner,,,Are you ready to change a life from the comfort of home? Join ENGin as a conversation partner! This is a flexible and unique opportunity to make a direct impact on someone’s life while discovering a new culture and meeting a new friend. We’ll pair you up with a buddy in Ukraine for weekly videochats at times that are convenient for you. During your conv,"New York, NY, 10001"
23 Engage Your Community in Citizen Science - Become an Ambassador!,,,"Whether you’re passionate about pollinators, starry-eyed about the night sky, or just excited by science, becoming a SciStarter Ambassadors might be for you! SciStarter Ambassadors connect their community to citizen science resources and activities and champion the work of citizen scientists. You don’t need to have a background in science, or be a professional scientist to be","Nationwide, PA, 19106"
24 Help Low-Income Students Succeed: Online Tutoring Opportunity!,,,"Change a Student’s Life-From Anywhere, Anytime Through Online Tutoring! UPchieve makes it easy for you to support students who wouldn’t otherwise have access to free, high-quality tutoring and academic coaching. Whether you help for 10 minutes or 10 hours, every session makes a difference. Why Volunteer with UPchieve? Make a real impact",11201
25 Community Service for Court. ANYWHERE in the USA! Call ANYDAY. Nobel & Prize Winners Library,,,Community Service for Court. ANYWHERE in the USA! Call ANYDAY. Nobel & Prize Winners Library,20004
26 Spanish Speaking Tech Mentor,,,"Teach/assist library patrons with basic to advanced computer skills from creating an e-mail, resume writing, saving and attaching files, finding/filling out job or applications, searching the Internet and more. At our library we have seen an influx of Spanish speakers needing technological support and are in need of volunteers to help us out! The ideal volunteer needs to be computer liter","San Jose, CA, 95110"
27 Northern California Kidney Walk,,,"The Northern California Kidney Walk builds hope for a future without suffering-for every person in this fight. By participating in the 2025 Northern California Kidney Walk, you’ll let others know they’re not alone. We're on the lookout for people to help with the following, not all areas are needed for each event, but this is a great idea on a variety","San Jose, CA, 95110"
28 Lead Volunteer Opportunity at the Loaves & Fishes Organic Garden!,,,"We’re looking for enthusiastic Lead Volunteers to help manage operations at the Loaves & Fishes Organic Garden in San Jose, CA! Lead Volunteers will oversee daily activities four days a week from 9 a.m. to 12 p.m. If you have","San Jose, CA, 95112"
29 Lifeboat by NOMV Volunteer Administrator,,,"Since 2014, NOMV pioneered online peer-to-peer support and mentorship in the veterinary community across our Facebook forums. Lifeboat extends this model further by providing anonymity for users as they are paired with a team of veterinary professionals trained in peer support who will accompany and mentor these individuals through their crisis. The program modif",Virtual Opportunity
30 Chapter Director,,,"StandUp for Kids is looking for a Chapter Director to oversee operational and financial health of Silicon Valley Chapter. The Chapter Director works collaboratively with National Staff and local volunteers to strategically carry out the mission to end the cycle of youth homelessness. Must be professional, well organized and equipped to work through challenges. Must be self-directed, action orie","San Jose, CA, 95112"
31 Youth Heart Screening @ Bellarmine College Prep School 5/17/25,,,"We need volunteers to help run our upcoming event. The Kyle J. Taylor Foundation will host a Youth Heart Screening Event on Saturday, May 17, 2025 at Bellarmine College Prepatory School. We need 2 types of volunteers: General Volunteers - Roles such as: ECG data entry on laptop, Check in, Check out, Greeter, etc. Medical Volunteers - Roles such as: Per","San Jose, CA, 95110"
32 Project Sentinel Day-of-Court Mediator,,,"Project Sentinel Court Mediation Programs are currently accepting applications for volunteer mediators for the Santa Clara County Court Mediation Programs, specifically the Unlawful Detainer, Civil Harassment and Small Claims Courts located in Downtown San Jose, California. Project Sentinel offers day-of-court and remote mediation free of charge to litigants in order to resolve their case","San Jose, CA, 95113"
33 AAi Bike Repairs,,,Help us repair bicycles for neighbors who live outside. Repair bicycles with AAi to help our neighbors who live outside do more than just survive. Donated bikes need repair for safe and reliable operation. Skills Required: Ability to fix a flat tire. Ages: 14+,"San Jose, CA, 95110"
34 National Kidney Foundation - 2025 Northern California Kidney Walk,,,"The 2025 Northern California Kidney Walk hosted by the National Kidney Foundation serving the West is a San Francisco Bay Area tradition! We are looking for volunteers to help us with all aspects of this family-friendly 5K inside PayPal Park in San Jose, CA on Sunday, June 1, 2025. We would like volunteers for one of two shifts: 1 Early) 6am-10am (setup only) or 2 All-","San Jose, CA, 95110"
35 Historic Orchard Workday - 2nd and 4th Wednesdays @ 9:30 AM!,,,"Our Historic Orchard Revitalization is well under way and we are looking for volunteers to help us with the continued maintenance of the new fruit trees on site. Help us with our trees, and come back in a few years to see the (literal) fruits of your labor! WORKDAY DETAILS → Date: Every 2nd and","San Jose, CA, 95110"
36 Free Haircuts in East SJ,,,Free Haircuts volunteer opportunity will consist of providing free haircuts for the participants we serve at our various program site locations. We work with participants who are actively working with case managers to find employment and housing opportunities. Getting a fresh hair cut is very symbolic for human beings. It can mark the beginning of a new chapter. Haircuts ca,"San Jose, CA, 95122"
"37 Volunteer as a Mentor or Instructor for Minds Matter Bay Area, San Jose!",,,Currently recruiting for 1 mentor spot this year. All other roles to begin June 2025. Join us as a volunteer at Minds Matter Bay Area in San Jose by applying at https://www.mindsmatterbay.org/get-involved Minds Matter Bay Area (MMBay) is a nationally recognized nonprofit organization that helps driven yet underserved students break,"Santa Clara, CA, 95053"
38 San Jose college-bound students need your help for 1/2-day workshop,,,"As a result of the pandemic of the last 3 years, there’s been a 7% decline in college enrollment nationwide -- we are now missing 1.25M students in college compared to 2019. Financial affordability is mission critical in getting students to college. Money Matters is 10,000 Degrees' innovative way of helping pre-college aged students wrap their head","San Jose, CA, 95122"
39 Explore Teaching STEM,,,"Explore becoming a science, technology, engineering or math teacher in an under-resourced community. EnCorps supports STEM professionals ready to explore STEM teaching. Please note that to qualify for the EnCorps STEM Teachers Program, applicants must not currently have a California teaching credential / license / certification in the core subject they intend to teach. About the EnCorps S","San Jose, CA, 95110"
40 National Park Service Trails & Rails Guide Based Near San Jose on Amtrak's Coast Starlight,,,"The Trails and Rails program is a collaboration between the National Park Service and Amtrak. Trails and Rails volunteers provide an interpretive program aboard Amtrak’s Coast Starlight between San Jose and San Luis Obispo. Most of the program takes place in the Sightseer Lounge car aboard the Coast Starlight. Guides are expected to volunteer a minimum of one day per month, May th","San Jose, CA, 95110"
41 Volunteer Opportunity: Piano Tuner,,,"Volunteer Opportunity: Piano Tuner Organization: Save Our Piano Location: Various public locations across Bay Area Commitment: Flexible hours (approx. 5-10 hours per month) Position Type: Volunteer About Save Our Piano: At Save Our Piano, we are dedicated to pr","San Jose, CA, 95125"
42 Support Affordable Housing with Habitat for Humanity by Becoming a Truck Driver Assistant,,,"About the position Every day, our drivers travel all over the Bay Area picking up donations that they bring back to our ReStores. As a truck driver's assistant you'll start at our Concord location in the morning and spend the day with the driver traveling around the bay in a commercial box truck, helping to load interesting (and sometimes large) donations like furn","San Jose, CA, 95133"
43 March for Babies CA Bay Area - Tent/Onsite Experience Volunteer,,,Help needed to support and foster participation onsite through tent activations and event experiences.,"San Jose, CA, 95112"
"44 Bake birthday cakes for foster kids and at risk youth in Santa Clara County, California",,,"Bake your way to making a difference! At Cake4Kids we bake and deliver homemade birthday cakes, cupcakes, cookies, bars, and brownies to foster children and at-risk youth -- and all of the baking and decorating is done by you, the volunteers! We aim to raise their self-esteem with this seemingly simple gift on their special day. Cake4Kids supports as many at-risk youth a","San Jose, CA, 95112"
45 Is dancing your passion? Dance your heart out to fight Alzheimer's.,,,"Are you passionate about dancing? We need your help to end Alzheimer’s. The Alzheimer's Association of Northern California and Northern Nevada is looking for volunteers to help us with our newest national signature event, The Longest Day. You are invited to join The Longest Day Volunteer Committee where you will play a vital role in team recruitment and cul","San Jose, CA, 95131"
46 STEAM Kit Production Volunteer,,,Mission : Our mission is to help educators transform a child’s learning experience through hands-on education to one that inspires the joy and discovery of learning. RAFT offers over 80 different STEAM activity kits to our educator members. We rely solely on volunteers to help us put togethe,"San Jose, CA, 95131"
47 Grant Writers,,,"We are looking for grant writers to do the following: 1) Research grant opportunities and approach the best fits for WIFSFBA 2) Write letters of inquiry and grant proposals, and fill out applications to granting organizations 4) Keep track of which organizations are approached 5) Follow up on approached organizations 6) If granted, write any reports the grant",Virtual Opportunity
48 Therapy pets needed!,,,Redwood Hospice is starting a pet therapy program! Do you have a therapy animal and want to make a difference in a patient's life? Hours are extremely flexible and this opportunity is rewarding! Looking for volunteers in Santa Clara county as well as San Mateo County.,"San Jose, CA, 95128"
49 Hospice Volunteers,,,"Volunteers Needed You will participate and work with a team to deliver hands-on, compassionate, volunteer services while supporting patients, family members, and other community caregivers as they navigate the complexities of their journey. We believe compassion should not be a transaction. We ask ourselves every day how we can do more . . . as caregivers, as a team, and as an organ","San Jose, CA, 95131"
50 CA Silicon Valley South: Help solve America's pollution problem.,,,Volunteer working on the environment and climate change with our grassroots climate group! CCL volunteers work with their community and members of Congress on climate change solutions. We are organized into more than 450 local chapters across the U.S. Your activities might include: Educating the community about global warming and legislat,"San Jose, CA, 95125"
51 Construya una Conexión Social con Personas Mayores de Edad- Virtual,,,"Alegre el día de un adulto mayor (60+). Social Call es un programa gratuito que conecta a adultos mayores con voluntarios para mantener una conversación amistosa y construir conexiones! Todo lo que necesitas son 30-40 minutos a la semana y un teléfono. Muchos adultos mayores se enfrentan al aislamiento y la soledad, una simple llamada para c","San Jose, CA, 95050"
52 Love Baseball? Volunteer and Share That Passion!,,,"Are you passionate about baseball and dedicated to providing a positive experience for young athletes? Do you desire to make an impact beyond your local league? PONY Baseball and Softball offers a unique opportunity to be involved at the regional and state level, shaping the game and players on multiple levels. We are seeking enthusiastic and reliable volunteers to serve as Field Direct","Santa Clara, CA, 95050"
"53 Death Doulas Support Needed! - Suncrest Hospice (San Jose, CA)",,,"Suncrest Hospice is on the lookout for caring Death Doulas! If you're someone who wants to be there for patients and families during their end-of-life journey, offering emotional, spiritual, mental, or physical support, then we want you. Join the Suncrest Hospice team to bring comfort and support to the community and make a difference. Hospice care's philosophy is all about making the end","San Jose, CA, 95111"
54 Create food pantry registration app for Android tablet accessing Salesforce Nonprofit Cloud,,,"Seeking someone to build, test, and eventually deploy an app for volunteers working in our office to register persons picking up food at the food pantry at Midtown Family Services. The tablets we use are Android-based. Meanwhile, the CRM we use is Salesforce Nonprofit Cloud. Initial build and testing will be in a sandbox so no fear of breaking anything during that portion of the project. Final","San Jose, CA, 95128"
55 FIRST Lego League - Explore @ San Jose,,,"DISCLAIMER: REGISTERING ON EVENTBRITE DOES NOT MEAN YOU ARE REGISTERED FOR THE EVENT. PLEASE FOLLOW THE INSTRUCTIONS BELOW TO OFFICIALLY REGISTER AS A VOLUNTEER. FIRST Robotics is a program teaching students how to build robots, develop teamwork skills, and foster gracious professionalism. We are seeking volunteers to help host our event and develop the next generation o","San Jose, CA, 95131"
56 Group/Solo Dance Performance - Onsite,,,"We are looking for a few small groups or solor dance performances for our seniors! One 30-minute to hour-long performance. Any kind of dance with any kind of skill level will be fine, we have a large program room and also a large backyard space. Our program hours are Monday through Friday, and we encourage performances between 11am - 12pm and 1:30pm - 3:30pm.","San Jose, CA, 95128"
57 Silicon Valley Area: Get involved to end Pancreatic Cancer!,,,"We're looking for amazing volunteers to be part of our local Silicon Valley Affiliate as we help to raise awareness of pancreatic cancer. We have volunteer opportunities to support our major campaigns: the walk to end pancreatic cancer, PurpleStride Silicon Valley on April 26, 2025 and November Pancreatic Cancer Awareness Month. There's something for everyone - for every interes","San Jose, CA, 95110"
58 Sr. Center Hula Dancers for Luau,,,"Volunteer Hula Dancers needed to perform during Summer Luau Celebration at the Sr. Nutrition Center on Friday, July 26, 2024,11am-11:45am.","San Jose, CA, 95112"
59 Help Someone Read & Write as an Adult Literacy Tutor (Virtual or In-Person) @ Campbell Library,,,"Are you looking for ways to give back to the community? The Reading Program, Santa Clara County Library District’s adult literacy program, is looking for tutors to work one-on-one with adult learners who wish to improve their reading, writing, and communication skills. We work with dedicated, patient, flexible, and sensitive volunteers who cr","Campbell, CA, 95008"
60 Sr. Grant Writer,,,"ABOUT OUTSIDE2INSIDE: Outside2Inside (O2I) is a 501(c)(3) non-profit organization focused on reducing food waste through prevention, recovery and recycle through various creative programs. Every year, the United States is wasting approximately 40% of the food we produce. Meanwhile, 42 million Americans are still ""food insecure"". If our country recovere","Santa Clara, CA, 95051"
61 Volunteer Coach @ Rancho del Pueblo,,,Mentor youth and make a positive difference. Be part of a supportive community. Learn coaching and leadership skills. Join our team as a Volunteer Coach! Why Volunteer - Benefits and impact of volunteering Make a positive impact by providing participants the tools to build character. Meet like-minded people and develop a strong community. Learn and develop,"San Jose, CA, 95116"
62 Book Selling Volunteer,,,"Do you love to read and meet people who like books? This is the job for you! Our bookstore volunteers work 2-4 hour shifts selling books at the Central Library bookstore. Proceeds benefit the library. Our bookstore is busy enough to keep things fun, but not too busy. Morning, afternoon and evening shifts available. Monthly Book Sale at the Central Pa","Santa Clara, CA, 95051"
63 Do You Have 90 Minutes to Help Transport Food?,,,"We are seeking volunteers that can pick up food in the mornings or mid-afternoons from local companies and then drive the food to non-profits that feed their clientele. For example, the food might be driven to a local nonprofit that feeds the homeless, elderly, children, recovering addicts, etc. Volunteers use their own cars and each food run takes about 90 minutes. C","San Jose, CA, 95110"
64 Disaster Cycle Services - Disaster Spiritual Care Team Member,,,"Target Countie(s): San Francisco, San Mateo, Santa Clara, Monterey, Santa Cruz What does a Disaster Spiritual Care volunteer do? Provide spiritual care support to individuals and families who have been impacted by a disaster.   Assist disaster clients to utilize their own spiritual resources, values and faith during crisis, regardless of one's faith tradition.   Facil","San Jose, CA, 95134"
65 Evening Child Care,,,"Thank you for your interest in volunteering with Evening Child Care (ECC) with Family Supportive Housing. Evening Child Care (ECC) volunteers can make a significant difference in a child's life by helping them with social, motor, and cognitive skills in a safe, positive environment where children can focus on learnin","San Jose, CA, 95133"
66 Camden Community Center - Spring Egg Hunt 2025,,,"Calling all volunteers! Join us on Saturday, April 12th for our annual Spring Egg Hunt Event at Camden Community Center. We are currently looking for 10 volunteers to help with our event. Available shift is 8:30am-12:45pm, but flexibility is available. We need assistance with our arts-n-crafts area, photo booth, field egg hunt, and set-up/clean-up. For additional question please","San Jose, CA, 95124"
67 Looking for help at San Jose Sharks Games,,,"We are in need of volunteers to manage our stand at the SAP Center. This opportunity will help build our community and we would like for you to be a part of it. Here are the Requirements: A pleasant attitude Black Pants and Black Tennis Shoes/Sneakers (non-slip resistant) (no jeans, leggings, sweatpants) Must be 18 years of age and older A VALID issued GOVERNMENT I","San Jose, CA, 95113"
68 PREHEALTH/PREDENTAL: Nonprofit Fundraising Volunteer,,,"As a Fundraising volunteer, you will play a key role in raising money for Remember the ToothFairy by helping plan various fundraising events as well as executing them. This team participates in fundraisers to sell items, power hours to outreach for donations, and more. The volunteers on this team should know how to utilize their connections in order to escalate RTF’s donations. All volunt",Virtual Opportunity
69 Household Hazardous Waste Pickup & Drop Off Driver,,,"Help keep seniors safe in their homes!! Volunteer HHW Drivers pick up items such as old light bulbs, batteries, paints, insecticides, household cleaners and E-waste from the seniors homes and take them to proper disposal sites within Santa Clara County. This is a once a month job offered to seniors who cannot drive for themselves. Pick up can occur at anytime and delivery may be Friday, Saturda","Santa Clara, CA, 95050"
70 Summer Camp 2025 Volunteering Opportunity - South San Jose,,,"Calling all artists and educators! Please also submit your application through this Google Form: https://forms.gle/fsyjh3Etd7kvqfr46 Dates: June 9th - August 1st. You can choose one or multiple weeks within this period. Locations to choose: - Belmont, 94002 - Mountain View, 94040 - Cuper","San Jose, CA, 95118"
71 Volunteer at Stanford Blood Center in the South Bay!,,,"Stanford Blood Center is in need of Post-Donation Canteen Hosts for our new South Bay location. These specially trained volunteers interact with our volunteer blood donors after their donation, monitoring their recovery, alerting medical personnel if there is a need, and serving refreshments. Essential attributes include an outgoing and friendly personality, great customer ser","Campbell, CA, 95008"
72 Board Member,,,"Birthright of San Jose board members meet quarterly and guide the organization according to our charter and ensuring financial stability into the future. Board members are also expected to participate in a chosen area of interest and familiarize themselves with the day to day operations of the center. Board training involves filling out an application, attending an orientation, viewing a video and","San Jose, CA, 95128"
"73 Become a Mentor - Volunteer in a ""Big"" way!",,,"About Big Brothers Big Sisters Bay Area's Program: Our urgent and essential mission is to create and support one-to-one mentoring relationships that ignite the power and promise of youth. We pair young people referred to our program by parents, guardians, teachers and social workers with a screened, qualified volunteer adult mentor through a comprehensive matching process, whic","San Jose, CA, 95111"
74 California Host Families for Amazing Exchange Students (San Jose),,,"Opportunity for families & individuals in San Jose and surrounding area ! Ready to have a fun experience? Ready to enjoy some cultural diversity? Ready to get inspired? Invite an international high school student to your home for a few weeks, a semester or even a full school year! Hosting is a","San Jose, CA, 95111"
75 Board Member - Fund Development & Strategic Visioning,,,"Our mission is to help neurodivergent people cultivate their unique talents, pursue their passions, and be their biggest, baddest selves. We envision a world where neurodiversity in all its forms is celebrated, rather than marginalized; where we acknowledge our differences and work within them to strengthen our connection; and where neurodivergent individuals can thrive in all",Virtual Opportunity
76 For Students & Schools--Help Feed Children and Families in Need,,,"Students, Clubs, Teachers, and Youth Groups Partner up with Cereal4all to address a shortage of breakfast food donations at food banks STUDENT AMBASSADOR PROGRAM * Earn 10 Community Service Hours * Take an active role fighting hunger and food insecurity in your city","San Jose, CA, 95050"
77 Grant Writer,,,"St. Andrew’s Residential Programs for Youth (S.T.A.R. Programs) was established in 1976 in collaboration of St. Andrew’s Church in Saratoga, CA. S.T.A.R. is a 501(c)(3) non-profit agency that provides residential care to youth and young adults in foster care, refugee foster care, and juvenile justice system through services in transitional housing. Every year thousands of children a",Virtual Opportunity
78 Virtual Volunteer Tutor + Mentor Elementary School Students (No Experience Required),,,Step Up Tutoring is seeking volunteers to provide virtual 1-on-1 tutoring to 2nd-6th grade students from underserved communities to help build fundamental math and literacy skills and to provide support and encouragement. All tutoring will take place virtually! All you need is a computer and internet access. No prior tutoring experience is needed. Responsibilities: Tutor 1-on-1,"San Jose, CA, 95106"
79 Health Center Lobby Greeter,,,"Looking for ways to support immigrant and low-income communities? Our Health Center provides high quality care regardless of a patient’s immigration status and insurance or ability to pay. Help us create a supportive, inclusive space for our patients and help us eliminate barriers to healthcare access. By answering patient questions, providing check-in assistance, and being a","San jose, CA, 95128"
80 Assist a Patient: be a Patient Care Hospice Volunteer,,,"VITAS Healthcare is looking for volunteers who are able to share their time with hospice patients living at home, assisted living, or in long term care facilities. Hospice volunteers give their time to terminally ill patients and their caregivers during a critical time. Hours are flexible. Average commitment is about 1 hour a week. Training is provided. Visits made by our volunteers not o","San Jose, CA, 95136"
81 Kaiser Hospice seeking Certified Pet Therapist to visit hospice patients,,,"Kaiser Hospice is seeking a certified pet therapist to visit with hospice patients in Santa Clara, north San Jose, Saratoga, Cupertino. Visits would be 2-3 times per month (or more, if pet therapist is available) in skilled nursing facilities where we have hospice patients, and occasionally at a hospice patient's home. We require applicants to view a training video to learn about hospice, an","Santa Clara, CA, 95054"
82 Coffee Cart for Visitors,,,"There are hundreds of visitors spending time in our waiting rooms. There's no better way to bring them some cheer than to wheel in our coffee cart, which features free coffee, tea, and hot chocolate. You are guaranteed to be warmly greeted by visitors who will wait patiently while you fill their cups with a favorite hot beverage.","Santa Clara, CA, 95051"
83 Vietnamese language study coordinator,,,"Bilingualism English/ Vietnamese, Recruiting parents and students enrollment and stem activities, Vietnamese cultural activities. Www.chuaanlacsj.org/volunteer-form.",Virtual Opportunity
84 FLY Law Program Facilitator,,,PRIMARY RESPONSIBILITIES: Facilitate LRE curriculum to justice involved and/or at-promise youth Prepare for the program sessions by reviewing weekly lessons.,"Milpitas, CA, 95035"
85 Dog Evaluator (Guardian of Hope),,,"At Thulani Senior German Shepherd Rescue, we believe every dog deserves a second chance,​ and as a Dog Evaluator,​ you will be the key to making that happen. This critical role is the​ first step in transforming the lives of senior German​ Shepherds, ensuring their safety, care, and​ ultimate placement into loving homes. If you’re ready to step into a role that combines a","San Jose, CA, 95111"
86 Love Dogs? Like helping people? Raise a service dog puppy!,,,Looking for an exciting volunteer opportunity that will change lives? Raising a puppy for Dogs for Better Lives is a unique opportunity to be part of something truly life changing while assisting our mission of providing service dogs to people with disabilities. Puppy raisers play a crucial role in helping build strong foundations for our future service dogs - no prior dog training experi,"Santa Clara, CA, 95050"
87 Your Friendly Smile is Needed in Campbell - Volunteer for Mobile Blood Drive Check-In!,,,"At Vitalant, we're dedicated to providing life-saving blood products to hospitals in our community, helping local patients in need of critical treatments. Your involvement as a volunteer plays a vital role in supporting this mission. As a Vitalant Volunteer, You Will: Welcome & Register Donors: Be the first point of contact, ensur","CA, 95124"
"88 Drive Cancer Patients to Treatment as a Road To Recovery Volunteer - Santa Clara County, CA",,,"The American Cancer Society provides free rides to treatment for people with cancer. As a trained Road To Recovery volunteer driver, you can change someone’s life in as little as one hour a week by ensuring a ride is available, so care isn’t stopped or delayed. Keep in mind that most rides are needed during Monday through Friday, primarily between 7 a.m. and 7 p.m. Drivers sho","Santa Clara, CA, 95051"
89 Dog Foster Home - Silicon Valley Region,,,Help us save more precious furry lives by fostering a dog in your home in Silicon Valley until he/she is adopted to a new loving family.,"Milpitas, CA, 95035"
90 Kitten Foster - Save kittens!,,,"Kitten fosters needed! Can you spare some room in your heart and home? ***If you are still working from home, this is an opportunity for you!*** Mini Cat Town is a nonprofit organization dedicated to saving neonatal kittens. Every year, the San Jose Animal Care Center is impacted with 5,000 orphaned kittens found lost, abandoned, or sick. Mini Cat Town is a safety","San Jose, CA, 95122"
91 Music Teachers for Underprivileged Children,,,"MusicLink is in need of experienced music teachers and related volunteers in California. With MusicLink, students (children under 18 years old) who show an interest in taking music lessons, but cannot afford full fee lessons, are linked with qualified music teachers willing to reduce their fee by at l","San Jose, CA, 95113"
92 Making Strides Against Breast Cancer of Silicon Valley - Entertainment Coordinator,,,"*Oversee all ceremonies that take place throughout the MSABC event including Opening, Survivor and Closing Ceremonies *Help recruite and manage day of entertainment such as dj, band, performars (dancers, cheerleaders, spoken word, etc.)","Campbell, CA, 95008"
93 Social Activities with Seniors!,,,"Volunteer for Activities with Seniors Volunteers will assist seniors with arts & crafts, puzzles, game boards and many other activities depending on their interests. Supplies, snacks, and refreshments will be provided.   Bilingual Spanish volunteers appreciated! High school age and up preferred! <","San Jose, CA, 95116"
94 Help Transform Uncertainty Into Hope at the Parents Helping Parents 2025 Gala,,,"**One day volunteer opprotunity** We are excited to announce our upcoming Gala on May 17th and are seeking enthusiastic volunteers to help make this formal event a success! Here are the details: Event Date: May 17th, 2025 Location: Orchard City Banquet Hall- Campbell Community Center Volunteer Roles Needed: Tech-savvy individu","Campbell, CA, 95008"
95 Become a COMPANION/SUPPORT Volunteer for Hospice Patients in San Jose and surrounding areas,,,"BECOME A COMPANION/SUPPORT VOLUNTEER FOR HOSPICE PATIENTS It could be the most rewarding, life-changing experience of your life! Be a friend to someone in need Share life stories and learn about an amazing life Read books, sing songs, or play their favorite music Bring warmth and companionship to help brighten their day",95134
96 Museum Docents Needed!,,,"Are you an outgoing person with an interest in local history? Sunnyvale's Heritage Park Museum is looking for volunteer docents to lead tours for visitors. Our free museum showcases Sunnyvale's rich and varied past, from the time of Native persons through farms, orchards, defense, and technology to the present day. Museum docents work four-hour shifts, 12-4pm, on Tuesdays, Thursdays, an","Sunnyvale, CA, 94087"
97 Kitten Foster Homes Needed!,,,"Rescued kittens and cats need loving temporary homes until a forever home can be found for them. Training, support, and supplies are provided. You provide a safe, quiet room in your home and lots of loving care. Transport to veterinary appointments and adoption fairs is also required. Fostering may be for only a few weeks or longer until permanent homes are found. This is a great way to en","South Bay Area, CA, 95118"
98 HELP OUT: Monthly Book Sale,,,"Project Overview Join the Santa Clara City Library Foundation Friends and Family in their monthly book sale. The money making from the book sale will be going to the library for activities such as ESL Club, Summer reading, etc. Volunteers will be supporting the book sale by restocking and handling the registers About Santa Clara City Library Foundation Friends and Fami","Santa Clara, CA, 95051"
99 Music Volunteer,,,"Hello, We'd like to introduce a volunteering position for music instruments (vocal singing too), as a member of Joy ensemble, a church's music team. This is to give a chance to share talents of music for people who are delighted in music performance, and would recommend middle to high schooler (even higher level, too) to join with the chance of applying for president volunteering aw","Campbell, CA, 95008"
100 Marketing and Branding Volunteers,,,"As we gear up for our 10 Year Celebration event taking place on October 26, 2025 we need volunteers to help us secure sponsorships and donations for a silent-auction, as well as promote and help market our ""Celebrating 10 Years of Justice"" event. Marketing and Branding Volunteer will assist in developing an effective and comprehensive marketing strategy for Justice At Last. Mark","San Jose, CA, 95126"
101 Help Someone Read & Write as an Adult Literacy Tutor (Virtual or In-Person) @ Cupertino Library,,,"Are you looking for ways to give back to the community? The Reading Program, Santa Clara County Library District’s adult literacy program, is looking for tutors to work one-on-one with adult learners who wish to improve their reading, writing, and communication skills. We work with dedicated, patient, flexible, and sensitive volunteers wh","Cupertino, CA, 95014"
102 Love everything Italian? Volunteer for the Italian Family Festa!,,,"We are celebrating the 43rd Italian Family Festa, July 26 & 27, 2025. Free Admission and open to all. V olunteer signups will open around May timeframe! We have many volunteer opportunities, if you have a talent or passion we have something for you, most Festa weekend shifts last approximately 3-4 hours, and we'll feed you! Signup begin around early-May 2025.","San Jose, CA, 95112"
103 DoorDash for outdoor cats. Milpitas cats need your help!,,,,"Milpitas, CA, 95035"
104 Outreach Director: Leadership Opportunity for Paws of Comfort,,,"We are seeking an Outreach Director passionate about animal welfare and community engagement! Paws of Comfort is an organization dedicated to providing comfort to families after the loss of a pet with handpainted pet portraits. The Outreach Director will take initiatives to expand our organization’s reach, develop partnerships, and foster relationships with local shelters, veterina",Virtual Opportunity
"105 Marketing - Analytics, SEO & Web Marketing Manager",,,About Us: The Class Consulting Group is a boutique management consulting firm headquartered in SFO-Bay Area that provides consulting services to senior management and Board of Directors of nonprofit/philanthropic organizations. It also offers community leadership opportunities to professionals. CLASS collaborates with its clients - the Non-Profit Organizations to help the,Virtual Opportunity
"106 Moving Day San Jose, A Walk for Parkinson's",,,"Volunteer at a Parkinson’s Foundation Moving Day San Jose on May 17, 2025 and join an inspiring and empowering annual event that unites people around the country living with Parkinson’s disease (PD), their care partners, and loved ones to help beat PD. Our most valuable resource is our volunteers because YOU make things MOVE. Help get communities moving as an event day volunteer.","San Jose, CA, 95148"
107 Reiki and Healing Therapies for Hospice Patients - Bay Area!,,,"Inspiring. Meaningful. Fulfilling. Pathways is one of the oldest and largest non-profit health care providers serving Santa Clara, San Mateo, San Francisco, Contra Costa, and Alameda Counties. Reiki volunteers comfort Pathway’s patients at the end of life with relaxing and pain reducing therapeutic touch and massage. How rewarding to know that your skills and your hands are ma","Sunnyvale San Jose, CA, 94085"
108 Food Pantry -Weekday afternoons 1pm-5pm,,,"We are looking for volunteers to help out in our Food Pantry on weekday afternoons from 1pm-5pm. Volunteers sort through food donations, stock our shelves and serve our clients in our Food Pantry. West Valley Community Services (WVCS)* Food Pantry volunteers are a vital part of our organization. This is a great opportunity for volunteers that like to get moving, give back to our community, and","Cupertino, CA, 95014"
109 Account Managers for Sponsorship Oppurtunities,,,"Vibha is a 501(c)(3) non-profit organization that seeks to improve the lives of underprivileged children through education. Our primary focus area is improving the quality of public education and access to it. Founded in 1991, today Vibha has a volunteer network of over 2,200 volunteers spread across 17 Action Centers in the United States and 6 Action Centers in India. Throughout the yea",Virtual Opportunity
110 Santa Clara Autorama (Car Show event) Seeking Volunteers(16+),,,"The Military Officers Association of America is putting on a car show (Autorama 2025) with 100% proceeds benefitting Veterans. This is a 3 day event that will be held at the Santa Clara County Fairgrounds. As a volunteer you will receive free admission and parking to the event, a volunteer T-shirt and lunch will be provided. This opportunity is open to those 16 years of age or older.","San Jose, CA, 95111"
111 Help create native habitat for wildlife,,,"Create wildlife habitat, help the environment, and beautify the park at the same time. The Lake Cunningham Native Garden is a volunteer-maintained area at the south shore of Lake Cunningham in San Jose. Tasks include weeding, mulching, planting, and watering. Workdays are Saturdays 8 am to 10 am. Sign and bring the waiver form","San Jose, CA, 95148"
112 WHEELSFORALL Members for High School and College students,,,WHEELSFORALL is looking for active members for its cause of helping families in under supported causes all over the world. Be part of the change and take action within the multiple departments of our organization. Get the ability to refine abilities and use your skills to help others in need. We have multiple opportunities within:,"Milpitas, CA, 95035"
"113 Help a disabled senior with lawn care and/or handyman tasks in San Jose, CA",,,"Help with lawn care including mowing, blowing leaves, edging/trimming and a light cleanup. They do not have their own equipment so you will have to bring your own mower, etc. They also need help with general handyman tasks. You will need to bring your own tools. The client is always responsible for purchasing materials.","San Jose, CA, 95148"
114 Help Someone Read & Write as an Adult Literacy Tutor (Virtual or In-Person) @ Saratoga Library,,,"Are you looking for ways to give back to the community? The Reading Program, Santa Clara County Library District’s adult literacy program, is looking for tutors to work one-on-one with adult learners who wish to improve their reading, writing, and communication skills. We work with dedicated, patient, flexible, and sensitive volunteers wh","Saratoga, CA, 95070"
"115 Local Coordinator - global exchange, San Jose, CA",,,"CIEE, Council on International Educational Exchange, is seeking Local Coordinators in the San Jose area. As a CIEE Local Coordinator, you help coordinate school and host family placements for international high school students in your local community. You also work with regional staff to coordinate supervision and support for students and families throughout the duration of the exchange program","San Jose, CA, 95002"
116 Volunteer specialists in website,,,specialists in website Designing and its maintenance. it would need about 2 hours weekly commitment.,94087
"117 Purple Stride Silicon Valley April 26, 2025",,,"Purple Stride Silicon Valley is one of the biggest fundraisers supporting research to find a cure for Pancreatic Cancer. This is an in-person event. We are looking for volunteers to help with this event which is a short walk (approx. 2 miles) to raise money for pancreatic cancer research. Volunteers will be asked to help with the following: 1. Welcome team: greeting, traffic/pa","San Jose, CA, 95118"
118 Seeking Spectacular Board Members,,,"Youth Science Institute (YSI) is seeking spectacular board members to join a dynamic organization. We seek candidates with a strong background in donor relations, experience in building partnerships with foundations, and a proven track record of securing substantial unrestricted funding. Previous board experience is preferred, but not required. The Youth Science Institut","Los Gatos, CA, 95032"
119 Start Chapter of Nonprofit,,,"Hand to Hunger is looking for students to start new chapters of the nonprofit organization at their school. Starting a chapter involves starting a school club, holding monthly meetings, and holding meal packing events for your local homeless and food insecure population.",94087
120 Pupcycled Volunteer Event @ Mission Library,,,"Join us for a family-friendly, volunteer drop-in event where participants of all ages can braid or sew used, machine-washed clothing into dog toys for local shelters! REMINDER: This is NOT a craft to take home. All dog toys are created for donation to local shelters!","Santa Clara, CA, 95050"
121 Cricut Program Facilitator,,,Vineland Branch is looking for an adult volunteer who wants to share their love for crafting and using Cricut machines with their community. Program Coordinators would fill a vital role for those in the community looking to learn and grow with your shared knowledge.,"San Jose, CA, 95118"
122 Teach online classes to 1-8th graders for free,,,YAPA Kids is a community organization dedicated to building connections across the globe by creating opportunities for learning and curiosity that inspire young students as a supplement to education in school.,Virtual Opportunity
123 Become a Foster Family for a Refugee Youth,,,"Catholic Charities of Santa Clara County in collaboration with the Office of Refugee Resettlement invites you to become a beacon of hope for resilient refugee child through our Refugee Foster Care Program! Program Highlights: Serving 8 counties in the SF Bay Area, our program reaches far and wide. You don't need to be Catholic or reside in Santa Clara C","San Jose, CA, 95134"
124 Tai Chi or Dance Fitness Instructor,,,"Rainbow Housing is seeking volunteers to teach Tai Chi or Dance classes at a couple of our community locations! We have opportunities available in two locations: San Jose (zip code 95117) and Santa Cruz (zip code 95060). If you're passionate about sharing your skills and making a positive impact, we’d love to hear from you! For more details, feel free to contact me at abradley@rain","San Jose, CA, 95117"
125 Volunteer Affiliated Photographer,,,"You will find fulfillment by volunteering your talent to families experiencing the loss of a baby. The professional-level photographs you will gift can turn a hidden pain into healing for bereaved families, bring awareness to a community, and provide a sense of honor to you. Our Affiliated Photographers walk alongside families during some of their only moments with their babies. The major","Campbell, CA, 95008"
126 Volunteer Instructor - Notelove,,,We're looking for new music instructors to join the Notelove community! Earn countless volunteers hours for teaching an instrument or vocals to younger students. Lessons can be taught in either virtual in in-person format. Instructors must: Be 14-18 years of age Have at least 2 years of musical experience Submit an audition video We are particula,Virtual Opportunity
127 Volunteer Opportunity: Join BeyondBias Foundation & Make an Impact!,,,"At BeyondBias Foundation, we are comitted to creating a future where youth-especially those from underrespresented communites-have the opportunity to excel in education and high-level careers. Through mentorship, support, and access to resources, we strive to break down barriers and empower the next generation to reach their full potential. Open Board Positions: Treasurer (Dire","CA, 95134"
128 Help feed hungry homeless cats,,,"Provide food and water for homeless kitties living in parking lots, back yards, vacant lots, etc. You must be comfortable driving at night, over 20, available at least one evening per week, on a long-term basis. This is really rewarding. The cats will expect you and thank you for their dinners. A few hours per week makes all the difference in the lives of community kitties. Volunteers get","Sunnyvale, CA, 94086"
129 CPI Class Instructor,,,"The responsibilities of a CPI Class Instructor are split into two main areas: being a live instructor and working on creating videos. If you’re accepted as a CPI class instructor, you can choose to teach live classes or create videos or both. Please ping/DM trisha0025 or 7777777.777777 on Discord (https://discord.gg/VCxUzdYhzN) once you have applied. Live Instruction",Virtual Opportunity
130 Mentor a First-Generation College Student!,,,"The Peninsula College Fund is recruiting volunteers to serve as one-to-one mentors to a new class of talented first-generation college students. Mentors are supportive professionals that provide guidance, support, networking, and positive role modeling to a student throughout their entire college career. Learn more about this life-changing experience at: https://www.peninsulacollegefund.org/vol","Milpitas, CA, 95035"
131 Become a Mentor to At-Risk Youth,,,"Mentorship doesn’t require super powers! We believe anybody with the heart and desire to make a positive impact in youth's lives can impart a powerful influence. We also believe that great mentors are ""built, not born,"" and provide a training program that offers mentors an opportunity to better understand our mission and core values and learn how to become effective mentors.","All Santa Clara County, CA, 95128"
132 Almaden Community Center Spring Egg Hunt,,,"The Almaden Community Center is seeking volunteers to assist with our Spring Egg Hunt on Saturday, April 12, 2025. This annual event provides a fun and festive experience for families, featuring egg hunts, arts and crafts, and other engaging activities. Volunteers will play a crucial role in ensuring the event runs smoothly by assisting with egg hunt field management, prize tables, check-in, th","San Jose, CA, 95120"
133 Assistance League of Los Gatos-Saratoga is looking for volunteers,,,"Come meet new people and learn about the many volunteer opportunities we have to offer. Our volunteers provide a variety of services including reading to elementary school children; purchasing and packaging household and hygine kits; purchasing jackets, shoes and socks for students in need; planning, preparing and cooking meals to seniors; doing a variety of tasks in partnership with the West V","Los Gatos, CA, 95032"
134 Volunteers needed for Paypal Park Concession Stand,,,Hello we are in need of volunteers to help manage our concession stand at Bay FC and San Jose Earthquakes games. INCENTIVES: -Small Incentive pay $75 to 105 (via CashApp or client card) -Meal -Good time REQUIREMENTS 18 or older Food Handler/Alcohol Training Certification ($25 and will reimburse upon proof) within 30 days of registration Can DO At,"San Jose, CA, 95110"
135 Paver Coordinator,,,"Position: Paver Installation Coordinator Location: Los Gatos, CA Employment Type: V Job Summary: The Paver Installation Coordinator will play a crucial role in the Veterans Foundation of Los Gatos by providing administrative and organizational support for our paver installation projects. This volunteer position contributes to honoring veterans'","Los Gatos, CA, 95032"
136 PanCAN PurpleStride Silicon Valley - Event Day Volunteers,,,"Join us for PanCAN PurpleStride 2025, happening Saturday, April 26, 2025 at nearly 60 events across the country! PurpleStride is the ultimate walk to end pancreatic cancer. It’s a family-friendly day filled with fun, hope and the power of community. Volunteers will be needed throughout the morning of Saturday, April 26th, 2025 with Event Needs such as: T-Shirt Distr","San Jose, CA, 95120"
137 Fun and Fulfilling Volunteer Opportunities in (Los Gatos),,,"You CAN Make a Difference at the American Cancer Society Discovery Shop Los Gatos. The American Cancer Society Discovery Shop (a high-end resale store) needs volunteers who are able to work 4 1/2 hour shifts on a weekly basis. If you have time and like to engage with people, enthusiastic, looking to give back, love retail, love merchandising, love multi-tasking volunteer with us in a ca","Los Gatos, CA, 95030"
138 DME community leader for San Francisco,,,"We are seeking a volunteer to pick up durable medical equipment (DME) like wheelchairs and walkers from ReCares SF location in the Mission on Thursdays (10 AM-3 PM); and then deliver the DME items to homeless service providers within San Francisco. If you are interested, please apply and dme4all.org will schedule a call to answer your questions. Thank you, Greg",Virtual Opportunity
"139 Foster Grandparent & Senior Companion Programs, A Senior Volunteer Program",,,"Senior Volunteers Needed! Foster Grandparent: Volunteer in a classroom setting at your local school, serving children with intellectual and/or developmental disabilities as a Foster Grandparent. Help children with communication, math, reading, and writing. Help children with classroom activities, model following rules and routines, and provide positive","San Jose, CA, 95119"
140 Recruiter,,,"Job Title: Recruiter Location: Remote / Vitrual Type: Volunteer Opporutnity (Not a paid position) About Us: Connect for Purpose (CFP) is dedicated to mobilizing talented professionals within the Muslim community to apply their skills and expertise to meaningful projects. Through our platform, we match profe",Virtual Opportunity
141 Volunteers needed for Bingo Brunch Fundraiser,,,"Hello, We need help with our fundriaser and need volunteers to set up chair/tables etc., managing bingo, and take down. We are fundraising for scholarships to help more women and girls have access to our Equine Assisted Learning program to devlop confidence and resilence. Feel free to email with equestions! We appreciate your help!","San Jose, CA, 95140"
142 Spring Garden Fair 2025 - Come Volunteer with Us!,,,"Spring Garden Fair A Master Gardener Educational Fair and Plant Sale Be a part of the fun by encouraging sustainability and healthy lifestyles through gardening. Thousands of tomato, pepper, herb, ornamental, California native and succulent plants will be on sale at this community event. There will be educational talks, children's activities, hands-on demonstr","San Jose, CA, 95136"
143 Passionate Board Members Wanted for Restore Children and Family Services,,,"Are you passionate about creating lasting change in the lives of children and families? Do you have the skills, vision, and heart to help steer a growing non-profit organization toward its mission of hope and restoration? If so, we invite you to join the Board of Directors at Restore Children and Family Services! We're a faith-based non-profit providing free trauma wrap around care to survivors",94085
144 Small Business Subject Matter Experts: Share Your Expertise with Local Entrepreneurs,,,"Bring your specialized, deep experience to help small business entrepreneurs achieve success. Today’s small business owners must master many functions to drive greater success and accelerate growth - from building world-class websites to leveraging the power of social media and implementing cloud computing. As part of SCORE’s free mentoring services, you can work directly with","Santa Clara, CA, 95054"
145 Volunteer for Hospice Care (Santa Clara County),,,"We are looking for volunteer with a desire to give the precious gift of companionship and emotional support to hospice patients and their families in the area of Santa Clara County (San Jose, Milpitas, Cupertino, Gilroy, Mountain View, Morgan Hill, Palo Alto, Sunnyvale) It is a wonderful and meaningful way to help others through the gift of presence and companionship. Volunteers wi","Milpitas, CA, 95035"
146 Volunteers needed for Crab Feed on 4/26,,,"CET hosts an annual crab feed to raise funds for supportive services that will be used to help students with pressing needs that may otherwise cause them to leave training. The success of the event depends on the time and talent of YOU, our event volunteers! We sincerely appreciate your kind consideration and hope you will be a part of this special event. Volunteers who commit 4 or more hours","San Jose, CA, 95110"
147 Become a Certified Sexual Assault/Domestic Violence Counselor!,,,"IMPORTANT: We typically reply within 2 business days. If you are not receiving our messages, please check your spam/junk e-mail folder. Eliminate Racism. Empower Women. Volunteer as a Counselor with YWCA Golden Gate Silicon Valley! People of all genders & sexual orientations experience violence. Are","San Jose, CA, 95112"
148 Human Resources Business Partner,,,"We are seeking a dynamic and experienced Human Resources Business Partner Manager to join our team for the summer season. In this role, you will act as a strategic partner, collaborating closely with leadership and departments to drive HR initiatives and support organizational goals. Key Responsibilities: Serve as a trusted advisor to management, providing insi",Virtual Opportunity
149 CA Mountain View area Host an Exchange Student-Volunteer host families,,,Volunteer to Host a Foreign Exchange Student in your town and surrounding areas!! Benefit from opening your home and heart to an exchange student for a term during the upcoming high school year by: - Making life-long friendship connections abroad - Giving a young person an opportunity to immerse themselves in our American culture and your fami,"mountain view, CA, 94041"
150 (BAS) Help us Humanize Healthcare - Become a Greeter today!,,,"Are you a college or grad student looking for healthcare opportunities? You must be 18 for in-clinic roles. Do you need to build patient service skills? Are you looking for options where you can be part of a care team, or to give back to the kidney community? Together, we can make life better for those living with kidney disease. Become a Greeter today! G","San Jose, CA, 95128"
